BEGIN TRANSACTION;

DELETE FROM categories;
DELETE FROM category_translates;
DELETE FROM sections;
DELETE FROM section_translates;
DELETE FROM articles;
DELETE FROM article_translates;
DELETE FROM ticket_forms;
DELETE FROM ticket_fields;
DELETE FROM dynamic_content_items;

INSERT INTO categories(id,position,created_at,updated_at,source_locale,outdated,country_code) VALUES
(115002432448,2,to_timestamp('2017-12-19 06:21:45', 'yyyy-mm-dd hh24:mi:ss'),to_timestamp('2018-03-06 12:39:30', 'yyyy-mm-dd hh24:mi:ss'),'en-us',false,'tw');

INSERT INTO category_translates(category_id,url,html_url,name,description,locale) VALUES
(115002432448,'https://honestbeehelp-tw.zendesk.com/api/v2/help_center/en-us/categories/115002432448-My-Account.json','https://help.honestbee.tw/hc/en-us/categories/115002432448-My-Account','My Account','','en-us'),
(115002432448,'https://honestbeehelp-tw.zendesk.com/api/v2/help_center/zh-tw/categories/115002432448-%E6%88%91%E7%9A%84%E5%B8%B3%E8%99%9F.json','https://help.honestbee.tw/hc/zh-tw/categories/115002432448-%E6%88%91%E7%9A%84%E5%B8%B3%E8%99%9F','我的帳號','','zh-tw');

INSERT INTO sections(category_id,id,position,created_at,updated_at,source_locale,outdated,country_code) VALUES
(115002432448,115004118448,0,to_timestamp('2017-12-19 06:23:48', 'yyyy-mm-dd hh24:mi:ss'),to_timestamp('2018-03-06 12:39:30', 'yyyy-mm-dd hh24:mi:ss'),'en-us',false,'tw');

INSERT INTO section_translates(section_id,url,html_url,name,description,locale) VALUES
(115004118448,'https://honestbeehelp-tw.zendesk.com/api/v2/help_center/zh-tw/sections/115004118448-%E6%88%91%E9%9C%80%E8%A6%81%E5%B8%B3%E8%99%9F%E7%9B%B8%E9%97%9C%E7%9A%84%E5%8D%94%E5%8A%A9.json','https://help.honestbee.tw/hc/zh-tw/sections/115004118448-%E6%88%91%E9%9C%80%E8%A6%81%E5%B8%B3%E8%99%9F%E7%9B%B8%E9%97%9C%E7%9A%84%E5%8D%94%E5%8A%A9','我需要帳號相關的協助','','zh-tw'),
(115004118448,'https://honestbeehelp-tw.zendesk.com/api/v2/help_center/en-us/sections/115004118448-I-need-help-with-my-account.json','https://help.honestbee.tw/hc/en-us/sections/115004118448-I-need-help-with-my-account','I need help with my account','','en-us');

INSERT INTO articles(section_id,id,author_id,comments_disable,draft,promoted,position,vote_sum,vote_count,created_at,updated_at,source_locale,outdated,outdated_locales,edited_at,label_names,country_code,click_count) VALUES
(115004118448,115015959148,24400224208,false,false,false,0,-1,1,to_timestamp('2017-12-27 02:59:48', 'yyyy-mm-dd hh24:mi:ss'),to_timestamp('2018-03-02 05:59:58', 'yyyy-mm-dd hh24:mi:ss'),'zh-tw',false,'{}',to_timestamp('2017-12-27 03:06:54', 'yyyy-mm-dd hh24:mi:ss'),'{}','tw',4),
(115004118448,115015959188,24400224208,false,false,false,0,0,0,to_timestamp('2017-12-27 03:14:16', 'yyyy-mm-dd hh24:mi:ss'),to_timestamp('2017-12-27 03:14:48', 'yyyy-mm-dd hh24:mi:ss'),'zh-tw',false,'{}',to_timestamp('2017-12-27 03:14:16', 'yyyy-mm-dd hh24:mi:ss'),'{}','tw',5),
(115004118448,115015885547,24400224208,false,false,false,0,0,0,to_timestamp('2017-12-27 03:12:58', 'yyyy-mm-dd hh24:mi:ss'),to_timestamp('2017-12-27 03:13:42', 'yyyy-mm-dd hh24:mi:ss'),'zh-tw',false,'{}',to_timestamp('2017-12-27 03:12:58', 'yyyy-mm-dd hh24:mi:ss'),'{}','tw',3),
(115004118448,115015885507,24400224208,false,false,false,0,0,0,to_timestamp('2017-12-27 03:11:30', 'yyyy-mm-dd hh24:mi:ss'),to_timestamp('2018-01-10 06:07:41', 'yyyy-mm-dd hh24:mi:ss'),'zh-tw',false,'{}',to_timestamp('2018-01-10 06:07:41', 'yyyy-mm-dd hh24:mi:ss'),'{}','tw',2),
(115004118448,115015959168,24400224208,false,false,false,0,-2,-2,to_timestamp('2017-12-27 03:08:05', 'yyyy-mm-dd hh24:mi:ss'),to_timestamp('2018-03-06 12:39:30', 'yyyy-mm-dd hh24:mi:ss'),'zh-tw',false,'{}',to_timestamp('2018-01-10 06:07:41', 'yyyy-mm-dd hh24:mi:ss'),'{}','tw',1),
(115004118448,115016053147,7222048487,false,false,false,0,17,33,to_timestamp('2018-01-12 03:24:59', 'yyyy-mm-dd hh24:mi:ss'),to_timestamp('2018-07-16 13:35:30', 'yyyy-mm-dd hh24:mi:ss'),'en-us',false,'{}',to_timestamp('2018-07-10 04:17:18', 'yyyy-mm-dd hh24:mi:ss'),'{use_for_answer_bot,preparing,ontheway,confirmed}','sg', 0),
(115004118448,115015447167,24400224208,false,false,false,0,0,-30,to_timestamp('2017-11-29 02:37:50', 'yyyy-mm-dd hh24:mi:ss'),to_timestamp('2018-07-14 10:33:44', 'yyyy-mm-dd hh24:mi:ss'),'en-us',false,'{}',to_timestamp('2018-07-09 09:49:23', 'yyyy-mm-dd hh24:mi:ss'),'{preparing,confirmed}','sg', 0),
(115004118448,115016039687,7222048487,false,false,false,0,-1,9,to_timestamp('2018-01-11 11:49:48', 'yyyy-mm-dd hh24:mi:ss'),to_timestamp('2018-07-10 04:17:49', 'yyyy-mm-dd hh24:mi:ss'),'en-us',false,'{}',to_timestamp('2018-01-11 11:49:48', 'yyyy-mm-dd hh24:mi:ss'),'{delivered}','sg', 0),
(115004118448,115015433907,24400224208,false,false,false,2,-12,16,to_timestamp('2017-11-28 13:02:47', 'yyyy-mm-dd hh24:mi:ss'),to_timestamp('2018-07-17 11:03:40', 'yyyy-mm-dd hh24:mi:ss'),'en-us',false,'{}',to_timestamp('2018-07-10 04:26:17', 'yyyy-mm-dd hh24:mi:ss'),'{ontheway,delivered}','sg', 0);

INSERT INTO article_translates(article_id,url,html_url,name,title,body,locale) VALUES
(115015959148,'https://honestbeehelp-tw.zendesk.com/api/v2/help_center/en-us/articles/115015959148-Help-I-ve-forgotten-my-password-.json','https://help.honestbee.tw/hc/en-us/articles/115015959148-Help-I-ve-forgotten-my-password-','Help! I’ve forgotten my password.','Help! I’ve forgotten my password.','<p>Click on the Forgot Password link on the Login page and enter your registered email address. We’ll send you an email to reset your password. Occasionally emails end up in the junk/spam folder. Take a look there.</p>','en-us'),
(115015959148,'https://honestbeehelp-tw.zendesk.com/api/v2/help_center/zh-tw/articles/115015959148-%E6%95%91%E5%91%BD-%E6%88%91%E5%BF%98%E8%A8%98%E5%AF%86%E7%A2%BC%E4%BA%86.json','https://help.honestbee.tw/hc/zh-tw/articles/115015959148-%E6%95%91%E5%91%BD-%E6%88%91%E5%BF%98%E8%A8%98%E5%AF%86%E7%A2%BC%E4%BA%86','救命！我忘記密碼了','救命！我忘記密碼了','<p>請在登入頁面點選「忘記密碼」，並輸入您註冊時所使用的電子信箱。我們會寄給您一封信讓您重設密碼。有時候信件會跑到垃圾信件匣，請務必檢查看看。</p>','zh-tw'),
(115015959188,'https://honestbeehelp-tw.zendesk.com/api/v2/help_center/en-us/articles/115015959188-What-can-I-do-when-my-cart-is-locked-.json','https://help.honestbee.tw/hc/en-us/articles/115015959188-What-can-I-do-when-my-cart-is-locked-','What can I do when my cart is locked?','What can I do when my cart is locked?','<p>When there is an error completing your checkout,your cart will be temporarily locked to prevent further changes to your order. To unlock your cart,click ‘Yes,unlock my cart,’ when prompted.</p>','en-us'),
(115015959188,'https://honestbeehelp-tw.zendesk.com/api/v2/help_center/zh-tw/articles/115015959188-%E6%88%91%E7%9A%84%E8%B3%BC%E7%89%A9%E8%BB%8A%E9%8E%96%E4%BD%8F%E4%BA%86-%E8%A9%B2%E6%80%8E%E9%BA%BC%E8%BE%A6-.json','https://help.honestbee.tw/hc/zh-tw/articles/115015959188-%E6%88%91%E7%9A%84%E8%B3%BC%E7%89%A9%E8%BB%8A%E9%8E%96%E4%BD%8F%E4%BA%86-%E8%A9%B2%E6%80%8E%E9%BA%BC%E8%BE%A6-','我的購物車鎖住了，該怎麼辦？','我的購物車鎖住了，該怎麼辦？','<p>當結帳出現錯誤時，您的購物車會暫時被鎖住，以避免您的訂單出現異動。要解鎖您的購物車，請在出現提示時，點選「是的，解鎖我的購物車」。</p>','zh-tw'),
(115015885547,'https://honestbeehelp-tw.zendesk.com/api/v2/help_center/en-us/articles/115015885547-What-is-honestbee-s-information-security-policy-.json','https://help.honestbee.tw/hc/en-us/articles/115015885547-What-is-honestbee-s-information-security-policy-','What is honestbee’s information security policy?','What is honestbee’s information security policy?','<p>honestbee takes your privacy seriously and complies with all the relevant laws to ensure your details are kept secure. Read our <a href="https://www.honestbee.tw/privacy-policy">Privacy Policy</a> for more information.</p>','en-us'),
(115015885547,'https://honestbeehelp-tw.zendesk.com/api/v2/help_center/zh-tw/articles/115015885547-honestbee-%E7%9A%84%E5%AE%89%E5%85%A8%E6%94%BF%E7%AD%96%E7%82%BA%E4%BD%95-.json','https://help.honestbee.tw/hc/zh-tw/articles/115015885547-honestbee-%E7%9A%84%E5%AE%89%E5%85%A8%E6%94%BF%E7%AD%96%E7%82%BA%E4%BD%95-','honestbee 的安全政策為何？','honestbee 的安全政策為何？','<p>honestbee 很重視您的隱私，並遵循所有相關法規以確保您的資訊安全。請閱讀我們的<a href="https://www.honestbee.tw/privacy-policy">隱私權政策</a>以了解更多資訊。</p>','zh-tw'),
(115015885507,'https://honestbeehelp-tw.zendesk.com/api/v2/help_center/en-us/articles/115015885507-How-can-I-change-my-email-address-.json','https://help.honestbee.tw/hc/en-us/articles/115015885507-How-can-I-change-my-email-address-','How can I change my email address?','How can I change my email address?','<p>Currently,it’s not possible to change your email address. To register with a different email address,please create a new account.</p>','en-us'),
(115015885507,'https://honestbeehelp-tw.zendesk.com/api/v2/help_center/zh-tw/articles/115015885507-%E5%A6%82%E4%BD%95%E6%9B%B4%E6%94%B9%E9%9B%BB%E5%AD%90%E4%BF%A1%E7%AE%B1-.json','https://help.honestbee.tw/hc/zh-tw/articles/115015885507-%E5%A6%82%E4%BD%95%E6%9B%B4%E6%94%B9%E9%9B%BB%E5%AD%90%E4%BF%A1%E7%AE%B1-','如何更改電子信箱？','如何更改電子信箱？','<p>您的電子信箱目前無法更改。若要以不同信箱進行註冊，請建立新帳號。</p>','zh-tw'),
(115015959168,'https://honestbeehelp-tw.zendesk.com/api/v2/help_center/zh-tw/articles/115015959168-%E5%A6%82%E4%BD%95%E6%9B%B4%E6%94%B9%E4%BF%A1%E7%94%A8%E5%8D%A1-%E5%AF%86%E7%A2%BC%E6%88%96%E9%80%81%E8%B2%A8%E5%9C%B0%E5%9D%80-.json','https://help.honestbee.tw/hc/zh-tw/articles/115015959168-%E5%A6%82%E4%BD%95%E6%9B%B4%E6%94%B9%E4%BF%A1%E7%94%A8%E5%8D%A1-%E5%AF%86%E7%A2%BC%E6%88%96%E9%80%81%E8%B2%A8%E5%9C%B0%E5%9D%80-','如何更改信用卡、密碼或送貨地址？','如何更改信用卡、密碼或送貨地址？','<p>登入您的帳號並前往右上角的個人資料圖示。在下拉式選單中選擇「設定」來編輯您的資料。</p>','zh-tw'),
(115015959168,'https://honestbeehelp-tw.zendesk.com/api/v2/help_center/en-us/articles/115015959168-How-can-I-change-my-credit-card-password-or-delivery-address-.json','https://help.honestbee.tw/hc/en-us/articles/115015959168-How-can-I-change-my-credit-card-password-or-delivery-address-','How can I change my credit card,password or delivery address?','How can I change my credit card,password or delivery address?','<p>Log in to your account and go to your profile icon at the top right corner. Select Settings from the dropdown menu to edit your details.</p>','en-us'),
(115016053147,'https://honestbeehelp-sg.zendesk.com/api/v2/help_center/en-us/articles/115016053147-How-do-I-prepare-my-laundry-for-pickup-.json','https://honestbeehelp-sg.zendesk.com/hc/en-us/articles/115016053147-How-do-I-prepare-my-laundry-for-pickup-','How do I prepare my laundry for pickup?','How do I prepare my laundry for pickup?','<p>Please be ready with your laundry when the delivery bee comes. Also check that all clothing pockets are empty, as it will be difficult for us to trace personal articles after your laundry has been handed over. We will not be liable for missing personal articles after you hand it over to us as well.</p>','en-us'),
(115015447167,'https://honestbeehelp-sg.zendesk.com/api/v2/help_center/en-us/articles/115015447167-I-want-to-cancel-my-food-order.json','https://honestbeehelp-sg.zendesk.com/hc/en-us/articles/115015447167-I-want-to-cancel-my-food-order','I want to cancel my food order','I want to cancel my food order','<p><strong>Can I cancel my food order? </strong></p>\n<p>You may cancel your order before the restaurant has started preparing it. Simply go to <a href="https://www.honestbee.sg/en/food/orders">Your Orders</a> and select the order you wish to cancel.</p>\n<p>If you do not want your order to be delivered but the food is being prepared or our deliverer is on his way to you, please contact us for assistance. Do note that charges of the food order may still apply to you.</p>\n<p> </p>\n<p><button><a href="javascript:zE.show();zE.activate();">Chat with Us</a></button></p>','en-us'),
(115016039687,'https://honestbeehelp-sg.zendesk.com/api/v2/help_center/en-us/articles/115016039687-I-have-not-received-my-order-confirmation-final-receipt.json','https://honestbeehelp-sg.zendesk.com/hc/en-us/articles/115016039687-I-have-not-received-my-order-confirmation-final-receipt','I have not received my order confirmation/final receipt','I have not received my order confirmation/final receipt','<p>We send you your order confirmation immediately after you have placed an order. There is a chance that it might have ended up in the junk/spam folder. Please let us know if you do not find it there.</p>\n<p><br>We aim to send you your final receipt within 5 working days after we have returned your laundry. Please note that we might adjust your final receipt for any additional articles added to the order and the difference in weight (if any) of your wash and fold loads.</p>\n<p><br>If this answer did not solve your issue, please contact us and we will do our best to make things right for you. </p>','en-us'),
(115015433907,'https://honestbeehelp-sg.zendesk.com/api/v2/help_center/en-us/articles/115015433907-What-if-I-am-not-at-home-to-receive-my-order-.json','https://honestbeehelp-sg.zendesk.com/hc/en-us/articles/115015433907-What-if-I-am-not-at-home-to-receive-my-order-','What if I am not at home to receive my order?','What if I am not at home to receive my order?','<p>If you missed your delivery, please contact us as soon as possible. We will do our best to reschedule your delivery. We reserve the right to charge an additional redelivery fee of $15. Perishables such as meat and frozen food may be discarded in accordance with Food Safety Standards, and are not refundable on your order. </p>\n<p> </p>\n<p><button><a href="javascript:zE.show();zE.activate();">Chat with Us</a></button></p>','en-us');

INSERT INTO ticket_forms(id,url,name,raw_name,display_name,raw_display_name,end_user_visible,position,active,in_all_brands,restricted_brand_ids,ticket_field_ids,created_at,updated_at) VALUES
(951408,'https://honestbee-ph.zendesk.com/api/v2/ticket_forms/951408.json','951408 - My grocery bill is incorrect','951408 - My grocery bill is incorrect','My grocery bill is incorrect','My grocery bill is incorrect',true,1,true,true,'{670608}','{24681488,24681498,24681508,24681538,24681548,81469808,28932938,31909967,31910127}',to_timestamp('2017-11-30 15:45:31', 'yyyy-mm-dd hh24:mi:ss'),to_timestamp('2018-01-11 05:15:20', 'yyyy-mm-dd hh24:mi:ss')),
(825847,'https://honestbeehelp-tw.zendesk.com/api/v2/ticket_forms/825847.json','shin - wrong/defect item','shin - wrong/defect item','shin - wrong/defect item','shin - wrong/defect item',true,52,false,true,'{}','{24681488,81469808,81421968}',to_timestamp('2017-11-09 17:49:32', 'yyyy-mm-dd hh24:mi:ss'),to_timestamp('2018-07-13 07:40:09', 'yyyy-mm-dd hh24:mi:ss'));

INSERT INTO ticket_fields(id,url,type,title,raw_title,description,raw_description,position,active,required,collapsed_for_agents,regexp_for_validation,title_in_portal,raw_title_in_portal,visible_in_portal,editable_in_portal,required_in_portal,tag,created_at,updated_at,removable,custom_field_options,system_field_options) VALUES
(24681488,'https://honestbee-ph.zendesk.com/api/v2/ticket_fields/24681488.json','subject','Subject','Subject','','',0,true,false,false,'','Ticket form','Ticket form',true,true,false,'',to_timestamp('2015-03-02 02:47:32', 'yyyy-mm-dd hh24:mi:ss'),to_timestamp('2017-12-03 10:20:04', 'yyyy-mm-dd hh24:mi:ss'),false,'[]','[]'),
(24681498,'https://honestbee-ph.zendesk.com/api/v2/ticket_fields/24681498.json','description','Description','Description','Please elaborate on your request here.','Please elaborate on your request here.',0,true,false,false,'','Description','Description',true,true,true,'',to_timestamp('2015-03-02 02:47:32', 'yyyy-mm-dd hh24:mi:ss'),to_timestamp('2017-12-01 10:49:32', 'yyyy-mm-dd hh24:mi:ss'),false,'[]','[]'),
(24681508,'https://honestbee-ph.zendesk.com/api/v2/ticket_fields/24681508.json','status','Status','Status','Request status','Request status',1,true,false,false,'','Status','Status',false,false,false,'',to_timestamp('2015-03-02 02:47:32', 'yyyy-mm-dd hh24:mi:ss'),to_timestamp('2017-12-01 08:46:34', 'yyyy-mm-dd hh24:mi:ss'),false,'[]','[{"name":"Open","value":"open"},{"name":"Pending","value":"pending"},{"name":"Solved","value":"solved"}]'),
(24681538,'https://honestbee-ph.zendesk.com/api/v2/ticket_fields/24681538.json','group','Group','Group','Request group','Request group',4,true,false,false,'','Group','Group',false,false,false,'',to_timestamp('2015-03-02 02:47:32', 'yyyy-mm-dd hh24:mi:ss'),to_timestamp('2017-12-01 08:46:34', 'yyyy-mm-dd hh24:mi:ss'),false,'[]','[]'),
(24681548,'https://honestbee-ph.zendesk.com/api/v2/ticket_fields/24681548.json','assignee','Assignee','Assignee','Agent assigned to your request','Agent assigned to your request',5,true,true,false,'','Assignee','Assignee',true,false,false,'',to_timestamp('2015-03-02 02:47:32', 'yyyy-mm-dd hh24:mi:ss'),to_timestamp('2017-12-01 08:46:34', 'yyyy-mm-dd hh24:mi:ss'),false,'[]','[]'),
(81469808,'https://honestbee-ph.zendesk.com/api/v2/ticket_fields/81469808.json','text','Order Number','Order Number','','',13,true,false,false,'','Order Number','{{dc.form_order_number_field}}',true,true,true,'',to_timestamp('2017-11-22 13:10:41', 'yyyy-mm-dd hh24:mi:ss'),to_timestamp('2018-01-04 08:41:29', 'yyyy-mm-dd hh24:mi:ss'),true,'[]','[]'),
(28932938,'https://honestbee-ph.zendesk.com/api/v2/ticket_fields/28932938.json','tagger','Category','Category','','',6,true,true,false,'','Category','Category',false,false,false,'',to_timestamp('2015-11-16 01:32:55', 'yyyy-mm-dd hh24:mi:ss'),to_timestamp('2017-12-01 08:46:34', 'yyyy-mm-dd hh24:mi:ss'),true,'[{"id": 50431968,"name": "Pre-sales","raw_name": "Pre-sales","value": "pre_sales","default": false},{"id": 50431978,"name": "Post-sales","raw_name": "Post-sales","value": "post_sales","default": false}]','[]'),
(31909967,'https://honestbee-ph.zendesk.com/api/v2/ticket_fields/31909967.json','tagger','Ticket Issue - 1','Ticket Issue - 1','','',8,true,true,false,'','Ticket Issue - 1','Ticket Issue - 1',false,false,false,'',to_timestamp('2016-04-20 02:20:22', 'yyyy-mm-dd hh24:mi:ss'),to_timestamp('2018-03-08 03:38:56', 'yyyy-mm-dd hh24:mi:ss'),true,'[{"id": 53401267,"name": "01. Account","raw_name": "01. Account","value": "01__account","default": false},{"id": 53401277,"name": "02. Business Development","raw_name": "02. Business Development","value": "02__business_development","default": false},{"id": 53401287,"name": "03. Career","raw_name": "03. Career","value": "03__career","default": false},{"id": 53401297,"name": "04. Complaint","raw_name": "04. Complaint","value": "04__complaint","default": false},{"id": 53401307,"name": "05. Coupon","raw_name": "05. Coupon","value": "05__coupon","default": false},{"id": 53401317,"name": "06. Duplicate Ticket","raw_name": "06. Duplicate Ticket","value": "06__duplicate_ticket","default": false},{"id": 53401327,"name": "07. Feedback","raw_name": "07. Feedback","value": "07__feedback","default": false},{"id": 53401337,"name": "08. Information","raw_name": "08. Information","value": "08__information","default": false},{"id": 53401347,"name": "09. Marketing","raw_name": "09. Marketing","value": "09__marketing","default": false},{"id": 62673528,"name": "10. Grocery Order","raw_name": "10. Grocery Order","value": "10__grocery_order","default": false},{"id": 53401367,"name": "11. Product","raw_name": "11. Product","value": "11__product","default": false},{"id": 53401377,"name": "12. Public Relationship - Media","raw_name": "12. Public Relationship - Media","value": "12__public_relationship___media","default": false},{"id": 53401387,"name": "13. Technical","raw_name": "13. Technical","value": "13__technical","default": false},{"id": 83271948,"name": "14. Fresh Order","raw_name": "14. Fresh Order","value": "14__fresh_order","default": false},{"id": 53512397,"name": "15. Internal Requests","raw_name": "15. Internal Requests","value": "15__internal_requests","default": false},{"id": 53512407,"name": "16. Inbound Call","raw_name": "16. Inbound Call","value": "16__inbound_call","default": false},{"id": 60707527,"name": "17. Laundry Order","raw_name": "17. Laundry Order","value": "17__laundry_order","default": false},{"id": 81754328,"name": "18. Sumo","raw_name": "18. Sumo","value": "18__sumo_","default": false},{"id": 61506808,"name": "19. Shopper","raw_name": "19. Shopper","value": "19__shopper","default": false},{"id": 62673548,"name": "20. Food Order","raw_name": "20. Food Order","value": "20__food_order","default": false},{"id": 77465827,"name": "21. Drivers","raw_name": "21. Drivers","value": "21__drivers","default": false},{"id": 77465847,"name": "22. Bikers","raw_name": "22. Bikers","value": "22__bikers","default": false},{"id": 78095968,"name": "24. Goodship","raw_name": "24. Goodship","value": "24__goodship","default": false},{"id": 79496227,"name": "25. Runners","raw_name": "25. Runners","value": "25__runners","default": false},{"id": 79481088,"name": "26. Cyclists","raw_name": "26. Cyclists","value": "26__cyclists","default": false},{"id": 80267448,"name": "28. Recruitment","raw_name": "28. Recruitment","value": "28__recruitment","default": false},{"id": 80267468,"name": "29. Ticketing","raw_name": "29. Ticketing","value": "29__ticketing","default": false},{"id": 80267488,"name": "30. B2B","raw_name": "30. B2B","value": "30__b2b","default": false},{"id": 84346308,"name": "32. Hawker Bees","raw_name": "32. Hawker Bees","value": "32__hawker_bees","default": false}]','[]'),
(31910127,'https://honestbee-ph.zendesk.com/api/v2/ticket_fields/31910127.json','tagger','Ticket Issue - 2','Ticket Issue - 2','','',9,true,true,false,'','Ticket Issue - 2','Ticket Issue - 2',false,false,false,'',to_timestamp('2016-04-20 02:33:52', 'yyyy-mm-dd hh24:mi:ss'),to_timestamp('2018-03-13 16:37:42', 'yyyy-mm-dd hh24:mi:ss'),true,'[]','[]'),
(81421968,'https://honestbeehelp-tw.zendesk.com/api/v2/ticket_fields/81421968.json','tagger','Type of service','Type of service','','',15,true,false,false,'','Type of service','{{dc.form_type_of_service}}',true,true,true,'',to_timestamp('2017-11-09 17:41:55', 'yyyy-mm-dd hh24:mi:ss'),to_timestamp('2018-03-28 10:13:03', 'yyyy-mm-dd hh24:mi:ss'),true,'[{"id":83592448,"name":"Grocery","raw_name":"Grocery","value":"grocery_form"},{"id":83592468,"name":"Food","raw_name":"Food","value":"food_form"},{"id":83592488,"name":"Laundry","raw_name":"Laundry","value":"laundry_form"},{"id":83592508,"name":"Ticketing","raw_name":"Ticketing","value":"ticketing_form"},{"id":83592528,"name":"Rewards","raw_name":"Rewards","value":"rewards_form"}]','[]');

INSERT INTO dynamic_content_items(id,url,name,placeholder,default_locale_id,outdated,created_at,updated_at,variants) VALUES
(754768,'https://honestbeehelp-tw.zendesk.com/api/v2/dynamic_content/items/754768.json','Form: Order Number field','{{dc.form_order_number_field}}',1,false,to_timestamp('2018-01-04 08:40:34', 'yyyy-mm-dd hh24:mi:ss'),to_timestamp('2018-01-04 08:41:08', 'yyyy-mm-dd hh24:mi:ss'),'[{"url": "https://honestbeehelp-tw.zendesk.com/api/v2/dynamic_content/items/754768/variants/3392648.json","id": 3392648,"content": "訂單號碼","locale_id": 9,"outdated": false,"active": true,"default": false,"created_at": "2018-01-04T08:40:53Z","updated_at": "2018-01-04T08:40:53Z"},{"url": "https://honestbeehelp-tw.zendesk.com/api/v2/dynamic_content/items/754768/variants/3392668.json","id": 3392668,"content": "This is where Jap text should be","locale_id": 67,"outdated": false,"active": true,"default": false,"created_at": "2018-01-04T08:41:08Z","updated_at": "2018-01-04T08:41:08Z"},{"url": "https://honestbeehelp-tw.zendesk.com/api/v2/dynamic_content/items/754768/variants/3392628.json","id": 3392628,"content": "Order Number","locale_id": 1,"outdated": false,"active": true,"default": true,"created_at": "2018-01-04T08:40:34Z","updated_at": "2018-01-04T08:40:34Z"}]'),
(760467,'https://honestbeehelp-tw.zendesk.com/api/v2/dynamic_content/items/760467.json','Form: Type of service','{{dc.form_type_of_service}}',1,false,to_timestamp('2018-01-04 09:28:09', 'yyyy-mm-dd hh24:mi:ss'),to_timestamp('2018-07-26 03:46:47', 'yyyy-mm-dd hh24:mi:ss'),'[{"id":3357347,"url":"https://honestbeehelp-tw.zendesk.com/api/v2/dynamic_content/items/760467/variants/3357347.json","content":"Type of service","locale_id":1,"active":true,"created_at":"2018-01-04T09:28:09Z","updated_at":"2018-01-04T09:28:09Z"},{"id":3392788,"url":"https://honestbeehelp-tw.zendesk.com/api/v2/dynamic_content/items/760467/variants/3392788.json","content":"服務種類","locale_id":9,"active":true,"created_at":"2018-01-04T09:38:12Z","updated_at":"2018-01-04T09:38:12Z"},{"id":360000443288,"url":"https://honestbeehelp-tw.zendesk.com/api/v2/dynamic_content/items/760467/variants/360000443288.json","content":"服务种类","locale_id":10,"active":true,"created_at":"2018-07-26T03:46:47Z","updated_at":"2018-07-26T03:46:47Z"}]');

COMMIT TRANSACTION;